{"loss":{"0":0.0688524544,"1":0.0605931021,"2":0.0582486801,"3":0.057039097,"4":0.0562062673,"5":0.0556585155,"6":0.0552270338,"7":0.0549129024,"8":0.0546605028,"9":0.0544737168,"10":0.0542910956,"11":0.0541475937,"12":0.0540569797,"13":0.0539522544,"14":0.0538944043,"15":0.0538362414,"16":0.0527754687,"17":0.0522345454,"18":0.0519743785,"19":0.0517862886,"20":0.0516228825,"21":0.0514741726,"22":0.051358141,"23":0.051255852,"24":0.0511499308,"25":0.0509202778,"26":0.0508424416,"27":0.0507892407,"28":0.0507400408,"29":0.0507039614,"30":0.0507111289,"31":0.0506930724,"32":0.0506765582,"33":0.0506690219,"34":0.050658226,"35":0.050686948,"36":0.0506833829,"37":0.0506902486,"38":0.0506736636,"39":0.0506765246},"auroc":{"0":0.9083971977,"1":0.9361268878,"2":0.9428659678,"3":0.9460016489,"4":0.9479344487,"5":0.9492273331,"6":0.9502255917,"7":0.9508851767,"8":0.951405704,"9":0.9518221617,"10":0.9521816373,"11":0.9524630308,"12":0.952660203,"13":0.9528770447,"14":0.9529798031,"15":0.9531157613,"16":0.9550545812,"17":0.956053853,"18":0.9565057755,"19":0.9568248391,"20":0.9571049213,"21":0.9573556185,"22":0.9575561285,"23":0.9577298164,"24":0.9579154253,"25":0.9582033753,"26":0.9583486915,"27":0.958450079,"28":0.9585216045,"29":0.9585648179,"30":0.9585279822,"31":0.9585629702,"32":0.9585844278,"33":0.9585960507,"34":0.9586206079,"35":0.9585565329,"36":0.9585595131,"37":0.9585454464,"38":0.9585613012,"39":0.9585679173},"aupr":{"0":0.3446875811,"1":0.4334510267,"2":0.4591057599,"3":0.4731397331,"4":0.4834916592,"5":0.4902817309,"6":0.4956556559,"7":0.4998356402,"8":0.5032240152,"9":0.5056332946,"10":0.5082322359,"11":0.5101512671,"12":0.51136446,"13":0.512762785,"14":0.5135686994,"15":0.5143022537,"16":0.5293384194,"17":0.5366958976,"18":0.5404303074,"19":0.5431224704,"20":0.5453901291,"21":0.547439456,"22":0.549084425,"23":0.5505921841,"24":0.5520452857,"25":0.5557262897,"26":0.5567417741,"27":0.5574705601,"28":0.5581918955,"29":0.5587209463,"30":0.5588428974,"31":0.5590695739,"32":0.5593339801,"33":0.5594149828,"34":0.5595165491,"35":0.5593053102,"36":0.5593542457,"37":0.5592457056,"38":0.5594795346,"39":0.5594511032},"val_loss":{"0":0.0565822795,"1":0.0525246002,"2":0.0514542349,"3":0.0505374931,"4":0.0510410257,"5":0.051107496,"6":0.0500529073,"7":0.0499875732,"8":0.0507645346,"9":0.0498533249,"10":0.0494532846,"11":0.0497292243,"12":0.0498594567,"13":0.0498559959,"14":0.0499108098,"15":0.049597811,"16":0.048935961,"17":0.0490467399,"18":0.0490293801,"19":0.0488589033,"20":0.0491912179,"21":0.0490482263,"22":0.0489915684,"23":0.0493122973,"24":0.0492380299,"25":0.0493997969,"26":0.0494714081,"27":0.0493787043,"28":0.0497875251,"29":0.0494992249,"30":0.0491892695,"31":0.0492495261,"32":0.0492945351,"33":0.049276527,"34":0.0494832285,"35":0.0493015312,"36":0.049193006,"37":0.0493230782,"38":0.0494028851,"39":0.0493211485},"val_auroc":{"0":0.9373475313,"1":0.9466263056,"2":0.949090898,"3":0.9496933818,"4":0.9502531886,"5":0.9493192434,"6":0.9514670372,"7":0.9532570243,"8":0.9489473701,"9":0.9551283717,"10":0.9532250166,"11":0.9534588456,"12":0.9524177313,"13":0.9510999322,"14":0.9511702061,"15":0.9542939067,"16":0.9540486336,"17":0.9537343383,"18":0.9562084675,"19":0.9546862841,"20":0.9534982443,"21":0.9548388124,"22":0.9537605643,"23":0.9523851275,"24":0.9538670778,"25":0.9523835778,"26":0.953322649,"27":0.953017056,"28":0.9503890276,"29":0.9528711438,"30":0.9532800913,"31":0.9542396665,"32":0.9546787739,"33":0.953797698,"34":0.9531339407,"35":0.9533120394,"36":0.9541666508,"37":0.9531893134,"38":0.9538595676,"39":0.9528442621},"val_aupr":{"0":0.4387122691,"1":0.4700016677,"2":0.4842660129,"3":0.4939787686,"4":0.4850251675,"5":0.4875925779,"6":0.499002099,"7":0.4978969693,"8":0.4993594587,"9":0.5001844168,"10":0.506978035,"11":0.5034838319,"12":0.4989686012,"13":0.5002761483,"14":0.500417769,"15":0.5056803823,"16":0.5123742819,"17":0.509718895,"18":0.5103772283,"19":0.5137568712,"20":0.5081983209,"21":0.5092395544,"22":0.5112845898,"23":0.5071607232,"24":0.5078601241,"25":0.5068632364,"26":0.5046625137,"27":0.5046994686,"28":0.50439924,"29":0.5037472248,"30":0.5082324147,"31":0.5056052804,"32":0.5057815313,"33":0.5057786107,"34":0.5043767095,"35":0.5061790347,"36":0.5071524382,"37":0.5058547854,"38":0.504216671,"39":0.5064062476},"lr":{"0":0.001,"1":0.001,"2":0.001,"3":0.001,"4":0.001,"5":0.001,"6":0.001,"7":0.001,"8":0.001,"9":0.001,"10":0.001,"11":0.001,"12":0.001,"13":0.001,"14":0.001,"15":0.001,"16":0.0002,"17":0.0002,"18":0.0002,"19":0.0002,"20":0.0002,"21":0.0002,"22":0.0002,"23":0.0002,"24":0.0002,"25":0.00004,"26":0.00004,"27":0.00004,"28":0.00004,"29":0.00004,"30":0.000008,"31":0.000008,"32":0.000008,"33":0.000008,"34":0.000008,"35":0.0000016,"36":0.0000016,"37":0.0000016,"38":0.0000016,"39":0.0000016}}